name,art,mana,type,rules,flavor,pt,template,set,rarity,artist
Elf Druid,art/elf.jpg,,Token Creature — Elf Druid,{T}: Add {G}.,She has huge... tracts of land.,1/1,Forest Green,DEMO,C,Cardinator Demo
Soldier,art/soldier.jpg,,Token Creature — Soldier,,,1/1,Gold Multicolor,DEMO,C,Cardinator Demo
Spirit,art/spirit.jpg,,Token Creature — Spirit,Flying,,1/1,Ocean Blue,DEMO,C,Cardinator Demo
Dragon,art/dragon.jpg,,Token Creature — Dragon,Flying\n{R}: This token gets +1/+0 until end of turn.,,5/5,Crimson Red,DEMO,C,Cardinator Demo
Treasure,art/treasure.jpg,,Token Artifact — Treasure,"{T}, Sacrifice this artifact: Add one mana of any color.",,,Slate Artifact,DEMO,C,Cardinator Demo
Zombie,art/zombie.jpg,,Token Creature — Zombie,,,2/2,Midnight,DEMO,C,Cardinator Demo
Beast,art/beast.jpg,,Token Creature — Beast,,,4/4,Full Art,DEMO,C,Cardinator Demo
Chronoshaper Emblem,art/emblem.jpg,,Emblem — Chronoshaper,"At the beginning of your upkeep, draw a card.",,,Planeswalker,DEMO,C,Cardinator Demo
Construct,art/construct.jpg,,Token Artifact Creature — Construct,This token gets +1/+1 for each artifact you control.,,0/0,Alchemist's Steel,DEMO,C,Cardinator Demo
